{"mean_prices": {"0": 1.7658500719070436, "1": 1.9998212039470673}, "mean_rewards": {"0": 6876.871223726272, "1": 5658.067858572007}, "std_prices": {"0": 0.0, "1": 0.0}, "std_rewards": {"0": 549.1830232740717, "1": 453.7097648739534}, "mean_total_reward": 12534.939082298279, "std_total_reward": 611.6804129355452}
