{"mean_prices": {}, "mean_rewards": {"0": 8723.491903920174, "1": 5843.68866812706}, "std_prices": {}, "std_rewards": {"0": 347.9561740557954, "1": 513.7422320359309}, "mean_total_reward": 14567.180572047233, "std_total_reward": 407.7661644852663}
