{
    "mean_prices": {
        "0": 2.976984783411026,
        "1": 1.923581622838974
    },
    "mean_served_demand": {
        "0": 223.1,
        "1": 474.9
    },
    "mean_cancelled_demand": {
        "0": 206.4,
        "1": 106.0
    },
    "mean_unmet_demand": {
        "0": 306.4,
        "1": 242.7
    },
    "mean_rewards": {
        "0": 5830.555381264686,
        "1": 8538.059316864013
    },
    "std_served_demand": {
        "0": 14.501379244747723,
        "1": 15.13571934200684
    },
    "std_cancelled_demand": {
        "0": 10.451794104363136,
        "1": 15.355780670483673
    },
    "std_unmet_demand": {
        "0": 20.732583051805193,
        "1": 32.477838598034815
    },
    "std_prices": {
        "0": 0.08977405304365094,
        "1": 0.007646946317946082
    },
    "std_rewards": {
        "0": 413.45408751069846,
        "1": 314.0211953383064
    },
    "mean_total_reward": 14368.614698128698,
    "mean_total_served_demand": 698.0,
    "mean_total_cancelled_demand": 312.4,
    "mean_total_unmet_demand": 549.0999999999999,
    "std_total_reward": 494.2851404311658,
    "std_sum_served_demand": 19.30060448103461,
    "std_sum_cancelled_demand": 17.768136274428635,
    "std_sum_unmet_demand": 38.08214804865923
}
