{
    "mean_prices": {
        "0": 2.4438493621349333,
        "1": 3.610802912712097
    },
    "mean_served_demand": {
        "0": 484.5,
        "1": 208.5
    },
    "mean_cancelled_demand": {
        "0": 201.5,
        "1": 307.8
    },
    "mean_unmet_demand": {
        "0": 304.1,
        "1": 365.2
    },
    "mean_rewards": {
        "0": 10840.958453125952,
        "1": 6397.616267967224
    },
    "std_prices": {
        "0": 0.1290555546257943,
        "1": 0.10151756956212798
    },
    "std_rewards": {
        "0": 477.6598819267573,
        "1": 524.3333258380424
    },
    "mean_total_reward": 17238.574721093177,
    "mean_total_served_demand": 693.0,
    "mean_total_cancelled_demand": 509.3,
    "mean_total_unmet_demand": 669.3,
    "std_total_reward": 755.114101076616,
    "std_sum_served_demand": 25.105333651990723,
    "std_sum_cancelled_demand": 8.7603272389411,
    "std_sum_unmet_demand": 22.327486796920667
}
