{
    "mean_prices": {
        "0": 2.911818517446518,
        "1": 1.9238728511333465
    },
    "mean_served_demand": {
        "0": 202.1,
        "1": 281.0
    },
    "mean_cancelled_demand": {
        "0": 202.7,
        "1": 108.3
    },
    "mean_unmet_demand": {
        "0": 331.3,
        "1": 388.1
    },
    "mean_rewards": {
        "0": 5454.482284502984,
        "1": 5301.757447075844
    },
    "std_served_demand": {
        "0": 8.676981041814026,
        "1": 10.478549517943788
    },
    "std_cancelled_demand": {
        "0": 11.967038062946068,
        "1": 8.672369918309528
    },
    "std_unmet_demand": {
        "0": 21.419850606388458,
        "1": 25.65326489942362
    },
    "std_prices": {
        "0": 0.0526849833508854,
        "1": 0.005475470902885245
    },
    "std_rewards": {
        "0": 343.93872836189996,
        "1": 183.8638030017817
    },
    "mean_total_reward": 10756.239731578828,
    "mean_total_served_demand": 483.1,
    "mean_total_cancelled_demand": 311.0,
    "mean_total_unmet_demand": 719.4000000000001,
    "std_total_reward": 384.5047140367261,
    "std_sum_served_demand": 13.181679205119,
    "std_sum_cancelled_demand": 13.87075260314947,
    "std_sum_unmet_demand": 40.84047556584576
}
