{"mean_prices": {"0": 0.09748154640197755, "1": 2.0451625180244446}, "mean_rewards": {"0": 6215.484684343435, "1": 5942.6163535353535}, "std_prices": {"0": 0.0, "1": 0.0}, "std_rewards": {"0": 219.90564535172496, "1": 199.51154974492133}, "mean_total_reward": 12158.101037878789, "std_total_reward": 372.9250971400825}