{"mean_prices": {}, "mean_served_demand": {"0": 1020.1}, "mean_cancelled_demand": {"0": 0.0}, "mean_rewards": {"0": 14471.929999999998}, "std_prices": {}, "std_rewards": {"0": 317.59466635949724}, "mean_total_reward": 14471.929999999998, "std_total_reward": 0}
