{
    "mean_prices": {
        "0": 5.654148976802826,
        "1": 6.103549609184265
    },
    "mean_served_demand": {
        "0": 454.5,
        "1": 456.2
    },
    "mean_cancelled_demand": {
        "0": 119.4,
        "1": 125.5
    },
    "mean_unmet_demand": {
        "0": 187.6,
        "1": 211.8
    },
    "mean_rewards": {
        "0": 8080.298727843391,
        "1": 8228.37092483272
    },
    "std_prices": {
        "0": 0.008304058455703449,
        "1": 0.014019815167709287
    },
    "std_rewards": {
        "0": 240.06601036920503,
        "1": 354.4500105583116
    },
    "mean_total_reward": 16308.669652676112,
    "mean_total_served_demand": 910.7,
    "mean_total_cancelled_demand": 244.9,
    "mean_total_unmet_demand": 399.4,
    "std_total_reward": 447.3844432881125,
    "std_sum_served_demand": 22.46797721202334,
    "std_sum_cancelled_demand": 13.772799279739758,
    "std_sum_unmet_demand": 18.699376103674336
}
