{
    "mean_prices": {
        "0": 1.9691009175777436,
        "1": 1.6678274250030518
    },
    "mean_rewards": {
        "0": 7427.426085190773,
        "1": 7586.650976824759
    },
    "std_prices": {
        "0": 0.06592442026290321,
        "1": 0.02112954151416566
    },
    "std_rewards": {
        "0": 428.0054488556714,
        "1": 238.26247875127052
    },
    "mean_total_reward": 15014.07706201553,
    "std_total_reward": 511.43858030608067
}
