{
    "mean_prices": {
        "0": 2.3317269349098204,
        "1": 2.4959690368175504
    },
    "mean_rewards": {
        "0": 6691.967765407562,
        "1": 6998.570396580695
    },
    "std_prices": {
        "0": 0.0460130562464471,
        "1": 0.06450138400035314
    },
    "std_rewards": {
        "0": 292.79752229244565,
        "1": 362.10048075253974
    },
    "mean_total_reward": 13690.538161988257,
    "std_total_reward": 370.76942341853317
}
