{"mean_prices": {"0": 2.4920685410499575, "1": 2.030611147880554}, "mean_rewards": {"0": 8587.326076378822, "1": 8857.887168116567}, "std_prices": {"0": 0.0, "1": 0.0}, "std_rewards": {"0": 369.47350090977557, "1": 304.499085301624}, "mean_total_reward": 17445.21324449539, "std_total_reward": 318.74409482573793}
