{
    "mean_prices": {
        "0": 2.3070993185043336,
        "1": 2.524207066297531
    },
    "mean_rewards": {
        "0": 8152.58551273346,
        "1": 8468.071775140761
    },
    "std_prices": {
        "0": 0.050846882247844484,
        "1": 0.06771831634962319
    },
    "std_rewards": {
        "0": 390.6835167401583,
        "1": 517.1633753982201
    },
    "mean_total_reward": 16620.657287874223,
    "std_total_reward": 415.2309593204362
}
