{
    "mean_prices": {
        "0": 3.345208479166031,
        "1": 3.892838627099991
    },
    "mean_rewards": {
        "0": 4732.077393021584,
        "1": 4676.1339040136345
    },
    "std_prices": {
        "0": 0.04061594760324042,
        "1": 0.013713577856452917
    },
    "std_rewards": {
        "0": 256.38108944455655,
        "1": 404.8431879309877
    },
    "mean_total_reward": 9408.211297035217,
    "std_total_reward": 535.9705296432992
}
